id;title;url;description
1;riding evenly;https://twin-basement.info/;or acetate
2;what finally;https://enchanting-health.net/;whether
3;unfortunately wry upright;https://illiterate-chairlift.net;about
4;ack;https://political-elk.name/;minus
5;scared truly shrilly;https://sizzling-block.net/;recondition
6;idolized diaphragm yahoo;https://peaceful-heaven.net;ouch divorce what
7;consequently indeed;https://messy-coleslaw.info;ramp
8;huzzah above deeply;https://clueless-boatyard.net/;badly now ginger
9;urgently acidly;https://ashamed-soundness.net;local dud rambler
10;times;https://unused-solution.name/;especially
