id;name;firstname;lastname;email
1;thoughtfully mechanically seldom;odd electric admirable;shrilly watercress;"puW@4]KY$.??$$q"
2;even only till;vibrant;afore if perp;"$yhCe2@AP.,;_L'"
3;abaft daybed zowie;fatally regarding;yum;"DmV[F*@q[)y.Z(b%p"
4;perfectly after;given airport;athwart noisily how;"m`@(.e_dFB"
5;aha;scoop;geez;"N3}x@AXExi.paRui"
6;limply sky;far towards;geez oh dimly;"=T\BTj@J'Cc.KB"
7;welfare readmit save;absolve tailor breeze;soulful when;"EdM=2@TcF..qc?uj"
8;ack;create;now versus;"w5@8.?:9"
9;ick;palpitate pace reassuringly;agreement;"`JLO@*SucC.N"
10;excluding regular to;wedge;powerfully;"l.i@-).+K"
